CDR3,count,relative.frequency
CAAASVYYDKGLDYW,3,0.0003876970793486689
CAAATQELRPLWFDPW,3,0.0003876970793486689
CAAFDFWRGWFDPW,3,0.0003876970793486689
CAAPGLLGGRSVLARFDPW,2,0.0002584647195657793
CAATYYSDSSGYYYGAFDIW,7,0.0009046265184802275
CAAYDYSGFYFEYW,3,0.0003876970793486689
CAAYSSTWSEHFDYW,3,0.0003876970793486689
CACSGSYYNESLYYYYGMDVW,2,0.0002584647195657793
CAGDSPNHNKRLDLW,2,0.0002584647195657793
CAGGDSWELHFDSW,2,0.0002584647195657793
CAGLRTGSYYLYW,3,0.0003876970793486689
CAGRFGSGSYLDYW,5,0.0006461617989144482
CAGTVRAARPGYYFDYW,2,0.0002584647195657793
CAGTWIQPPGLFDYW,3,0.0003876970793486689
CAHFLGDYYHRSGYIRQDAFDIW,2,0.0002584647195657793
CAHRGYGRWMMTDTFDVW,5,0.0006461617989144482
CAHRHGAPGYFDYW,9,0.0011630912380460067
CAHRLLTIFGVAQFDFW,6,0.0007753941586973378
CAHRRFDITSSWYWDYW,9,0.0011630912380460067
CAHSSSSGLQYYFDFW,3,0.0003876970793486689
CAHTFSLDPFYFDYW,6,0.0007753941586973378
CAHVMFTFGGVLAYDAFDIW,2,0.0002584647195657793
CAIDPWGAKSGLDYW,3,0.0003876970793486689
CAIDTRPGSQGEDYYFDFW,8,0.001033858878263117
CAIEIRDSSDYFYAW,19,0.002455414835874903
CAIMLEGVWGGGTGAEYFYHW,9,0.0011630912380460067
CAKAFAMARTRDAFDIW,2,0.0002584647195657793
CAKAHIAANAFDIW,5,0.0006461617989144482
CAKASLGNYEGIHDAMDVW,4,0.0005169294391315585
CAKASQRGANSRFDYW,3,0.0003876970793486689
CAKATVVGPTRLDYW,2,0.0002584647195657793
CAKDAGSPDHDSYIGYSDFW,3,0.0003876970793486689
CAKDALATRLVGYYFDNW,7,0.0009046265184802275
CAKDEEVGELRLGFDYW,23,0.0029723442750064616
CAKDFDEFVLLGDFDYW,26,0.0033600413543551306
CAKDFGKSAYDYYFDYW,7,0.0009046265184802275
CAKDHDYSNYFTAFDIW,2,0.0002584647195657793
CAKDIGDWDFRDFDFW,4,0.0005169294391315585
CAKDINRAAANNFWSGFYAAFDYW,4,0.0005169294391315585
CAKDKEVAGNLWEEAFDIW,10,0.0012923235978288964
CAKDKSVTGYPTRFDSW,2,0.0002584647195657793
CAKDLQSYSKDPRFDYW,3,0.0003876970793486689
CAKDMTGSHYEGGGCFDSW,8,0.001033858878263117
CAKDNKLGDDVFDLW,8,0.001033858878263117
CAKDNLVRGVIFDAFDVW,4,0.0005169294391315585
CAKDQEAGFDIW,14,0.001809253036960455
CAKDRAWIQLWYLDLW,9,0.0011630912380460067
CAKDREYNWNDAYDAFDVW,25,0.003230808994572241
CAKDRGFCSGGSCYEYFQYW,4,0.0005169294391315585
CAKDRIYYYYYYGMDVW,6,0.0007753941586973378
CAKDRLGSNWASYYFDSW,12,0.0015507883173946756
CAKDRNYSNLRYFQHW,3,0.0003876970793486689
CAKDRPWAYDAFDVW,2,0.0002584647195657793
CAKDRSDYSNCPFDYW,3,0.0003876970793486689
CAKDRWVHSSGWYWAFDMW,2,0.0002584647195657793
CAKDSAPYYGNFDYW,15,0.0019384853967433445
CAKDVKQWLPYLDSW,98,0.012664771258723184
CAKDVRAAGGTKRLLWDYW,5,0.0006461617989144482
CAKDWDDYGDLW,3,0.0003876970793486689
CAKDWNDYSDSGTYFDNW,2,0.0002584647195657793
CAKEAMAVAGTQFDSW,66,0.008529335745670715
CAKEDDSWSGYFPDYW,2,0.0002584647195657793
CAKEGGNYDSWFDAW,2,0.0002584647195657793
CAKEGIGTTYRGNWFDPW,2,0.0002584647195657793
CAKEGLNYYESSGYYYGAFDIW,25,0.003230808994572241
CAKEGSFHSDSRGYYQIPYFDSW,10,0.0012923235978288964
CAKFYGMTTITHFDYW,14,0.001809253036960455
CAKGAGALRKEIDSW,22,0.002843111915223572
CAKGALQFQPLDYW,3,0.0003876970793486689
CAKGDINWYGPDYW,53,0.00684931506849315
CAKGDWGSADYFDFW,20,0.0025846471956577927
CAKGLEYGGRSAFDSW,8,0.001033858878263117
CAKGLMHNAWKYYLDYW,6,0.0007753941586973378
CAKGMSVASGAFDIW,2,0.0002584647195657793
CAKGSLHSAAEYLQHW,3,0.0003876970793486689
CAKGTSASDNYFYYYGMDVW,2,0.0002584647195657793
CAKGVGFSSSSQYFDHW,2,0.0002584647195657793
CAKGWDASLYSGSYYDYW,2,0.0002584647195657793
CAKGYDFDSSAYYPDALDIW,22,0.002843111915223572
CAKHNWRDGWYFDYW,14,0.001809253036960455
CAKHTCYDVTAFDLW,16,0.002067717756526234
CAKIMDNSGYFYYYAMDVW,2,0.0002584647195657793
CAKIMRGYTGYYHAFEIW,8,0.001033858878263117
CAKKKMEQWLGKDYFDHW,3,0.0003876970793486689
CAKLGGGIVAEDYYYYGMDVW,2,0.0002584647195657793
CAKMSSDIVPGGLYFFDSW,2,0.0002584647195657793
CAKNGDFDYW,93,0.012018609459808736
CAKNLYSSSWLRYYFDYW,2,0.0002584647195657793
CAKPKGITANLLYFFDYW,9,0.0011630912380460067
CAKQVVVGANFDYW,2,0.0002584647195657793
CAKRGGEQWLVKAEYYQHW,4,0.0005169294391315585
CAKRNAVAYFFDFW,3,0.0003876970793486689
CAKRRQKWLVVAEYFHHW,8,0.001033858878263117
CAKSGLGVPGSGDYW,3,0.0003876970793486689
CAKSSSIYHAGDSFDVW,3,0.0003876970793486689
CAKSTSVSGTTAPYYFDSW,4,0.0005169294391315585
CAKTEVGTNKGWFDPW,2,0.0002584647195657793
CAKTNRRYYLYGLDLW,3,0.0003876970793486689
CAKTPYGSANYWYYYNGMDVW,8,0.001033858878263117
CAKVGRWATFDYW,4,0.0005169294391315585
CAKVRKMGMILDDSLDIW,4,0.0005169294391315585
CAKWDIVVVPNAIDYYAMDVW,2,0.0002584647195657793
CAKYDSGGFYFDSW,2,0.0002584647195657793
CALGEATAAATMNSFDYW,7,0.0009046265184802275
CAMGETLTQQRRVEDTQSLDYW,3,0.0003876970793486689
CANKLNWGDLFDYW,14,0.001809253036960455
CAQMIHTGSTAEYFQHW,2,0.0002584647195657793
CARAAPDCSNGVCYYAGAFDIW,4,0.0005169294391315585
CARADDYNYSGGFDIW,3,0.0003876970793486689
CARAFEMRTYGPFDYW,2,0.0002584647195657793
CARAFSGAGYAFDIW,3,0.0003876970793486689
CARAFYFDSSAYHEIRNAFDIW,14,0.001809253036960455
CARAGDSSGLGAFDMW,2,0.0002584647195657793
CARAGDTMNTTERNYYYDGLDVW,27,0.00348927371413802
CARAKVDTPMLTVPNCFDYW,5,0.0006461617989144482
CARALLSSSWYGGSFDMW,7,0.0009046265184802275
CARAPNYYDTTDYRPPDFDSW,2,0.0002584647195657793
CARAPRFGWLRVFDSW,5,0.0006461617989144482
CARAPSNHRPGWFDLW,3,0.0003876970793486689
CARAPTLERGYSPHDYW,58,0.007495476867407599
CARAPWEATVLDYW,2,0.0002584647195657793
CARARTWKGDDAFDMW,12,0.0015507883173946756
CARASFHYDSSGYYSSYYFDYW,7,0.0009046265184802275
CARATLHTGSYYHVYYFDYW,4,0.0005169294391315585
CARAVGVIHFDYW,11,0.001421555957611786
CARAVRGSYPGLYFDLW,2,0.0002584647195657793
CARAYESDGYTVGFDPW,2,0.0002584647195657793
CARAYFDWFVGAFDIW,46,0.005944688550012923
CARAYQGTTSGWNFDFW,9,0.0011630912380460067
CARAYTSGYDYYYNYGMDVW,4,0.0005169294391315585
CARDAPRGDYNDYEVLDYW,8,0.001033858878263117
CARDDVEIHLLDYW,4,0.0005169294391315585
CARDESRYSGSPGYFDYW,3,0.0003876970793486689
CARDEVGANGLDVW,3,0.0003876970793486689
CARDFGDKQRGILDYW,4,0.0005169294391315585
CARDFGRVYQFDYW,14,0.001809253036960455
CARDFIRGAPDYLDHW,3,0.0003876970793486689
CARDFVLERAYYRGLDVW,3,0.0003876970793486689
CARDGDGYYKGHRWYFDLW,4,0.0005169294391315585
CARDGEPAAGLRRTWFDSW,5,0.0006461617989144482
CARDGGWGSVVTPYWYFDFW,4,0.0005169294391315585
CARDGLQLTEYFQHW,5,0.0006461617989144482
CARDGREKVVGTYPAYW,2,0.0002584647195657793
CARDGRYCSGNSCFRPFDAFDFW,3,0.0003876970793486689
CARDGVPGTGYNWFDAW,15,0.0019384853967433445
CARDGVVGDYFWYFDLW,35,0.004523132592401137
CARDHRGMALLGMDVW,4,0.0005169294391315585
CARDISNYGPKTLEYFQHW,44,0.005686223830447144
CARDLGLHQFLPGRPGNFDYW,29,0.0037477384337037995
CARDLGYSFAYALDYW,4,0.0005169294391315585
CARDLQLDDYGGNPDYW,4,0.0005169294391315585
CARDLRVTTTPAFDIW,2,0.0002584647195657793
CARDNYYATFDLW,3,0.0003876970793486689
CARDPALRLGEGVYFDYW,4,0.0005169294391315585
CARDPGDFDTGFDYW,21,0.0027138795554406824
CARDPGYYPFDFW,79,0.010209356422848282
CARDPSPTVTTRWYFDYW,2,0.0002584647195657793
CARDPSRGIGGYYYYYYGMDVW,5,0.0006461617989144482
CARDRAAQYYSDYW,6,0.0007753941586973378
CARDRDDYGDYPNSFFDLW,8,0.001033858878263117
CARDRDNWNTVGGDAFDIW,5,0.0006461617989144482
CARDRDTSGYYYDLW,2,0.0002584647195657793
CARDRGDGSGSYYNGNWFDPW,9,0.0011630912380460067
CARDRGGKRFDYETDGYYQIDYW,2,0.0002584647195657793
CARDRGHNYDSSGYYQPFDYW,61,0.007883173946756267
CARDRGMDTAIARFDYW,59,0.007624709227190488
CARDRLLYADYYAYAMDVW,8,0.001033858878263117
CARDRLLYGDYVGDPFDIW,1,0.00012923235978288964
CARDRLTAGGYYLDYW,2,0.0002584647195657793
CARDRMEAIFGVAAPLSDALDIW,2,0.0002584647195657793
CARDRRHSLDYW,191,0.02468338071853192
CARDRSTNDNYYYYFGMDVW,6,0.0007753941586973378
CARDRTPWRYYDTAFDLW,233,0.030111139829413287
CARDRTPYSSAWGPFDSW,3,0.0003876970793486689
CARDRTRYDNSGHYYQAFDLW,4,0.0005169294391315585
CARDRYDSGGYFPFDSW,2,0.0002584647195657793
CARDSGFCGDGLCFDAFDVW,3,0.0003876970793486689
CARDSGGGNPGFDYW,9,0.0011630912380460067
CARDSRHIAVAALGAGYFDKW,5,0.0006461617989144482
CARDSYVQLGMTGDYYYYGMDVW,3,0.0003876970793486689
CARDTRYYYGSGKFYNKFDHW,4,0.0005169294391315585
CARDVGGITPSLDYW,2,0.0002584647195657793
CARDVRKLYCGGDCYAFDLW,2,0.0002584647195657793
CARDVWEGGMDVW,47,0.0060739209097958125
CARDWESGAGLRRNWFAPW,67,0.008658568105453606
CARDYSDYYYGMEVW,12,0.0015507883173946756
CARDYSNGENWFDPW,60,0.007753941586973378
CAREASRPYYFDSW,47,0.0060739209097958125
CAREGGGYDSSGYWSRWFGFDYW,2,0.0002584647195657793
CAREGGQWLVPVYFDYW,9,0.0011630912380460067
CAREGNGYGDDVFTYAFDIW,2,0.0002584647195657793
CAREGPRVDDYNNYPFDYW,89,0.011501680020677177
CAREGRRDYGDYDFDYW,7,0.0009046265184802275
CAREGSSAAVAGYIDYW,4,0.0005169294391315585
CAREGVGATGFDNW,19,0.002455414835874903
CAREKQNARMDVW,3,0.0003876970793486689
CAREMLTITSLDYW,2,0.0002584647195657793
CAREPELPDAFDVW,2,0.0002584647195657793
CAREPSYDILTGYYPFFDNW,217,0.028043422072887052
CARERGVSSAFDLW,3,0.0003876970793486689
CARERRDSSGYYYFDYW,2,0.0002584647195657793
CARESEYGESDYW,2,0.0002584647195657793
CARESFLGEDAFDIW,17,0.002196950116309124
CARETENSIARYFDYW,2,0.0002584647195657793
CAREVDVVVVVDATTGDTNWFDPW,4,0.0005169294391315585
CAREVGGSTWTGYFDYW,6,0.0007753941586973378
CAREVSLGLFGTNFDYW,5,0.0006461617989144482
CARFPGGFSYLFDYW,11,0.001421555957611786
CARFRSPTSVIILPVDVFDIW,2,0.0002584647195657793
CARGAFRGVNSGFDVW,3,0.0003876970793486689
CARGARRWPTWPLDYW,2,0.0002584647195657793
CARGDFGLVTSFDNW,69,0.008917032825019384
CARGDRTGTYFDYW,3,0.0003876970793486689
CARGEDPITIFAHLYFDYW,12,0.0015507883173946756
CARGEPFSNYEVFDYW,6,0.0007753941586973378
CARGEYIDSWYARYFDSW,5,0.0006461617989144482
CARGFQFNDNSTYYYRDAFDFW,5,0.0006461617989144482
CARGFVVVPAMYYFQYW,2,0.0002584647195657793
CARGGISGTTPFDYW,17,0.002196950116309124
CARGGKGYDSSGYQMDLDAFDIW,11,0.001421555957611786
CARGGLKSTEGFDSW,4,0.0005169294391315585
CARGGQFLDHSGLDVW,11,0.001421555957611786
CARGGTRSTEEEKGPLFDYW,2,0.0002584647195657793
CARGGVTTLIQLWVGYSDYW,6,0.0007753941586973378
CARGGYTSGYYWALDYW,2,0.0002584647195657793
CARGHGSGTYADFFDYW,3,0.0003876970793486689
CARGHVGRISYGMDVW,2,0.0002584647195657793
CARGLAATGPGWFDPW,16,0.002067717756526234
CARGLDMGEIAFDTW,4,0.0005169294391315585
CARGLDTTINNWFDPW,2,0.0002584647195657793
CARGLDWGFDRW,20,0.0025846471956577927
CARGLQGPHFFDSW,4,0.0005169294391315585
CARGLRWKNFFYYYAMDVW,3,0.0003876970793486689
CARGLSMVRGVIIAGVWAFDIW,84,0.01085551822176273
CARGLVALADINDAFDFW,3,0.0003876970793486689
CARGMCTGGSCYPGVDYW,233,0.030111139829413287
CARGPAPTMTTNPFDFW,4,0.0005169294391315585
CARGPFRTSGTTTNDGFDMW,3,0.0003876970793486689
CARGPGNSPLLFDLW,22,0.002843111915223572
CARGPHRNIYDNNGYWGDAFDIW,2,0.0002584647195657793
CARGPTSTGYIGYDPPFDFW,3,0.0003876970793486689
CARGPYSSSSEHYYYYGMDVW,2,0.0002584647195657793
CARGQADLSFDFW,12,0.0015507883173946756
CARGQRISVGVVTRISAYFDYW,2,0.0002584647195657793
CARGQSYDILTGYYGAFDVW,35,0.004523132592401137
CARGRDRYCSGVSCRFDNW,2,0.0002584647195657793
CARGRGTMIVVVNWYFDYW,2,0.0002584647195657793
CARGRKDSSNLFRKNWFDPW,24,0.0031015766347893513
CARGRRSGTQLWTDLDYW,5,0.0006461617989144482
CARGRSESPGVLPPNDAFDLW,3,0.0003876970793486689
CARGSDGDHASGFDSW,2,0.0002584647195657793
CARGSGVSGYSGYDDYYYGMDVW,2,0.0002584647195657793
CARGSSGDSGLFEYW,19,0.002455414835874903
CARGSWYGSAFDIW,4,0.0005169294391315585
CARGTVTTWQNAFDVW,8,0.001033858878263117
CARGVDCTHGVCLKTPHYFDFW,8,0.001033858878263117
CARGVGSGYDWGYFDFW,25,0.003230808994572241
CARGVVVDLRGYYFEYW,4,0.0005169294391315585
CARGYSNYGALDYW,26,0.0033600413543551306
CARGYYDSTGVYYYHYGMDVW,40,0.0051692943913155855
CARHAIGYSSGWREGFDIW,3,0.0003876970793486689
CARHGLVVGAITGGTRFDYW,4,0.0005169294391315585
CARHGRWPDWGTHQYFDLW,3,0.0003876970793486689
CARHGSIGAHINYFDYW,7,0.0009046265184802275
CARHGTWPLYSGYAYFDYW,10,0.0012923235978288964
CARHKGRAQLYYYYGMDVW,4,0.0005169294391315585
CARHKIGGGWHPLYYFDSW,371,0.04794520547945205
CARHLGSYSSPFDYW,3,0.0003876970793486689
CARHPPYYNYNGRDWSDPW,2,0.0002584647195657793
CARHQLTVFGARSWFAPW,2,0.0002584647195657793
CARHQRGYSSSWYRDYW,2,0.0002584647195657793
CARHRSSGYSLAAFDIW,4,0.0005169294391315585
CARHSKGMATTEIDYW,5,0.0006461617989144482
CARHSLITGYEYYYGMDVW,3,0.0003876970793486689
CARHTGKHMVRGVMRDNWFDPW,4,0.0005169294391315585
CARHTRFRRIAGADPYRPSYFDSW,6,0.0007753941586973378
CARHVRYSGSTMIPYYFDFW,8,0.001033858878263117
CARIDRGSKYYFYGMDVW,2,0.0002584647195657793
CARILQATYYGLDVW,27,0.00348927371413802
CARIRKTGWFFDNW,2,0.0002584647195657793
CARIRYPSYSGYDHDAFDIW,3,0.0003876970793486689
CARITEGFNLNYVEYW,2,0.0002584647195657793
CARKQGSSGYYSDYW,2,0.0002584647195657793
CARKYASGTYYAWFDSW,3,0.0003876970793486689
CARLIESEDAFDLW,4,0.0005169294391315585
CARLNGVLTGQPHFDYW,18,0.0023261824760920135
CARLPAVAAFDSW,3,0.0003876970793486689
CARLPRRDGDRDDGFDIW,4,0.0005169294391315585
CARLQDAYNYGVDYW,34,0.004393900232618248
CARLSLYYNDSRGAFWDYW,3,0.0003876970793486689
CARMFAMGHDVFDIW,7,0.0009046265184802275
CARMVGFYYDRGGYYDAFDIW,85,0.010984750581545619
CARNLNHYDISGYWRAFDIW,2,0.0002584647195657793
CARNVVVMTTIPYYFDYW,15,0.0019384853967433445
CARNYWGIDYW,504,0.06513310933057638
CARPAVGAHLAFDLW,15,0.0019384853967433445
CARPHTSAVYREYYEYW,5,0.0006461617989144482
CARPIIEVPRVAFDLW,17,0.002196950116309124
CARPMWTGAGRALDIW,55,0.00710777978805893
CARPREELLRNTYYYAMDVW,2,0.0002584647195657793
CARQAAVDETRPGYYYYYYGMDVW,7,0.0009046265184802275
CARQGGPGIAVAGYNWFDPW,12,0.0015507883173946756
CARQGIMVFGILYYALDVW,4,0.0005169294391315585
CARQPTGYSYETTHDAFDIW,2,0.0002584647195657793
CARQQQLDLW,5,0.0006461617989144482
CARQRGIAVPTGRDGFDFW,40,0.0051692943913155855
CARQTAEGFDSW,10,0.0012923235978288964
CARQTLSSGSYFDYW,6,0.0007753941586973378
CARRAACGGDCFAFDSW,3,0.0003876970793486689
CARRAPVEYYFDYW,5,0.0006461617989144482
CARRDGTWSYSYYYAMDVW,4,0.0005169294391315585
CARRDYGGNPDYW,2,0.0002584647195657793
CARRGINGVSRTYYFDHW,12,0.0015507883173946756
CARRGNWKFQANYWYFDLW,11,0.001421555957611786
CARRGPGLSGFDLW,35,0.004523132592401137
CARRHWQKGVFDDW,3,0.0003876970793486689
CARRIVGTTTGDFDYW,2,0.0002584647195657793
CARRKPEAATFDSW,5,0.0006461617989144482
CARRLRITTMLVVIKDHDAFDVW,6,0.0007753941586973378
CARRLSAVAGTGWYFDLW,5,0.0006461617989144482
CARRMTSPKNWFDSW,89,0.011501680020677177
CARRNIRGSSSWYAKAFDIW,7,0.0009046265184802275
CARRNNGLYDSSGFFHYFDYW,2,0.0002584647195657793
CARRNSVTENYHSYGMDVW,6,0.0007753941586973378
CARRNVRADYFDYW,2,0.0002584647195657793
CARRNYDSGGYYWFDPW,2,0.0002584647195657793
CARRPTSVDYYYYGMDVW,2,0.0002584647195657793
CARRQGWQGLTAGWHTFDIW,5,0.0006461617989144482
CARRRFYDRESYFDYW,2,0.0002584647195657793
CARRRGSRRDFDYW,166,0.02145257172395968
CARRRIAVSGKGEPDFDYW,2,0.0002584647195657793
CARRRLHGYSSDWYFDLW,4,0.0005169294391315585
CARRRLSWGLKSGAFDIW,2,0.0002584647195657793
CARRRNLGFGNSWSFDSW,32,0.004135435513052468
CARRRSGRDGGTFDSW,3,0.0003876970793486689
CARRSRGGIVPGTFDYW,7,0.0009046265184802275
CARRTRIALADYYFDYW,7,0.0009046265184802275
CARRTSGIADAFDIW,2,0.0002584647195657793
CARRWGWEVTGNPYYFDSW,14,0.001809253036960455
CARRYPGYSNTWYSFDYW,42,0.005427759110881365
CARSFDFRNSLDYW,2,0.0002584647195657793
CARSLFFDSSRSYYGDAFDIW,2,0.0002584647195657793
CARSLMGEDGDAFDIW,2,0.0002584647195657793
CARSSGWQGGPYYYGMDVW,3,0.0003876970793486689
CARSSLDDSGSYYFESW,4,0.0005169294391315585
CARSTGYFYYYAMDVW,29,0.0037477384337037995
CARSWSLRDGYNHYWYFDVW,2,0.0002584647195657793
CARTDRFSRLFDIW,10,0.0012923235978288964
CARTQGLGPNYYDLPDAFDIW,2,0.0002584647195657793
CARTRGTTEGLSYFDSW,2,0.0002584647195657793
CARTRSSGYNYFYGMDVW,4,0.0005169294391315585
CARTSGWGHSYGYGGWFDPW,10,0.0012923235978288964
CARTTSGRSYGMYYFDSW,16,0.002067717756526234
CARTYYYGSGNYFDYW,7,0.0009046265184802275
CARVAIGNYGEFDYW,4,0.0005169294391315585
CARVDPGYYRSFDYW,3,0.0003876970793486689
CARVDSSGPYDAFDIW,3,0.0003876970793486689
CARVDVVEVVTISYFNYW,6,0.0007753941586973378
CARVEYTGYHWIIDYW,6,0.0007753941586973378
CARVGHYYGMDVW,99,0.012794003618506074
CARVGRVEDTQSLDYW,46,0.005944688550012923
CARVHPERLAFFYDYW,2,0.0002584647195657793
CARVHRVVATMGWFDPW,2,0.0002584647195657793
CARVHYYDTTGYSLGAFDIW,2,0.0002584647195657793
CARVIVGDYDDWFDPW,8,0.001033858878263117
CARVKGINLFGGASVGGFDIW,4,0.0005169294391315585
CARVKTVLTPYWYFDLW,5,0.0006461617989144482
CARVLSWSYPTPLGAFDIW,6,0.0007753941586973378
CARVNLVLTPGRSSRGWFDPW,27,0.00348927371413802
CARVPQQWLVRGYNWFDPW,17,0.002196950116309124
CARVQGDRHYFYGMDVW,5,0.0006461617989144482
CARVQQYQLQIYSFDYW,3,0.0003876970793486689
CARVRGLTAQNFFDYW,6,0.0007753941586973378
CARVRGTIRNNWFDPW,13,0.0016800206771775653
CARVRGTVMVIGFDQW,6,0.0007753941586973378
CARVSNRRFYNSDPYFDNW,3,0.0003876970793486689
CARVVGGYYSYFDSW,432,0.05582837942620832
CARYAGYDDNYFDYW,20,0.0025846471956577927
CARYKGYIYGYDLDYW,2,0.0002584647195657793
CARYRATRGDGDAFDMW,2,0.0002584647195657793
CARYRSPTRFGVVIIPVDAIDIW,7,0.0009046265184802275
CASATRDHRSGGRFFDSW,2,0.0002584647195657793
CASEPQERFRSLDYW,3,0.0003876970793486689
CASFTMAVAGIWTFDIW,3,0.0003876970793486689
CASGLNLRVLITTLDYW,2,0.0002584647195657793
CASGPAATVRGLIPFFDYW,3,0.0003876970793486689
CASGTNWGYDALDIW,4,0.0005169294391315585
CASLKSGSHYYFDLW,4,0.0005169294391315585
CASRRHDYKPGGAFDIW,2,0.0002584647195657793
CASRYKGHLFDYFDYW,2,0.0002584647195657793
CATDGGSDPRYNWNPLDYW,2,0.0002584647195657793
CATDGSMEYQLLLGFDYW,3,0.0003876970793486689
CATDLQTAAVNGPVFDSW,4,0.0005169294391315585
CATDMVSRGQQYYYYYAMDVW,4,0.0005169294391315585
CATDYDYW,195,0.02520031015766348
CATDYSDNDPPILDYW,2,0.0002584647195657793
CATEQLVRMDYW,5,0.0006461617989144482
CATESQLRGYYFEYW,4,0.0005169294391315585
CATESVESSGWYWRAFDIW,39,0.005040062031532695
CATGGQYVFPDYW,3,0.0003876970793486689
CATGQWLSKGYFKHW,8,0.001033858878263117
CATGTPKQWLVPDAFDIW,3,0.0003876970793486689
CATHPKSANMLIGVPHGAFEIW,2,0.0002584647195657793
CATPGANWAFDYW,4,0.0005169294391315585
CATPHPSSWYGDFFYYYGMDVW,2,0.0002584647195657793
CATRPDGYYPHSLDYW,2,0.0002584647195657793
CATRSANSFGGVFDYW,8,0.001033858878263117
CATSAVMVAATVNVPNAFDIW,4,0.0005169294391315585
CATSSGWIHFDFW,3,0.0003876970793486689
CATSWSGYPYYFDYW,4,0.0005169294391315585
CATTPGLGDFPYYGMDVW,4,0.0005169294391315585
CATVDTTGYLYYFDTW,5,0.0006461617989144482
CATVPIVATIYYFDYW,19,0.002455414835874903
CATWDPRDGYDLDTFDYW,2,0.0002584647195657793
CATYRLFSLGGMDVW,4,0.0005169294391315585
CATYYYDKGVFDYW,2,0.0002584647195657793
CAYTWSFVFWRGVADYW,2,0.0002584647195657793
CCRQTTFGDVSGFHYW,3,0.0003876970793486689
CCRVDAGGWFYFDYW,3,0.0003876970793486689
CCSYAGSKILGVF,16,0.002067717756526234
CCSYSTNSLFGVF,25,0.003230808994572241
CEREGFGESIQDDYW,25,0.003230808994572241
CFFSGWLQGWFDPW,4,0.0005169294391315585
CFRSEGGAGGGGFCSPGVDYW,2,0.0002584647195657793
CGRDGVRYSYGSESHIDYW,2,0.0002584647195657793
CGSRFWGSSWDYFDDW,2,0.0002584647195657793
CGTSAYIDYW,3,0.0003876970793486689
CHQYFSPPQTF,2,0.0002584647195657793
CHSYDNRLHWVF,12,0.0015507883173946756
CIPKTVGVFDFQHW,3,0.0003876970793486689
CISYTSSHTWVF,8,0.001033858878263117
CLEEEHPQDGGGWFDPW,2,0.0002584647195657793
CQHYSDWPPMYTF,2,0.0002584647195657793
CQKYSGYSPHDYW,4,0.0005169294391315585
CQQCGTSSTTF,2,0.0002584647195657793
CQQYYRSRYSF,6,0.0007753941586973378
CQSYDHLLSSF,2,0.0002584647195657793
CQVWDDITDHRVF,2,0.0002584647195657793
CQVWDRGCDPPYVF,5,0.0006461617989144482
CRHRLRRQNVGYSDYW,4,0.0005169294391315585
CRRRLRRQTDGYSNFYYYGMDVW,2,0.0002584647195657793
CRSTRLRYFDWLFDYW,4,0.0005169294391315585
CRYNWKYDSFDHW,2,0.0002584647195657793
CSDTFCPPHGFDFW,8,0.001033858878263117
CSGGNCYRGAFEIW,3,0.0003876970793486689
CSGGSCYYDAFDIW,6,0.0007753941586973378
CSHNQNYEGGYFDFW,3,0.0003876970793486689
CSKRNAQRERGEAEAFDIW,2,0.0002584647195657793
CSRARTVTTPKPRYDGLDVW,7,0.0009046265184802275
CSRDRGNTAMHRGDYW,2,0.0002584647195657793
CSREPGGWYAFDIW,3,0.0003876970793486689
CSRFSWVANFDSW,3,0.0003876970793486689
CSRGDLERYSSRWYVDYYYGMDVW,4,0.0005169294391315585
CSRMSPASNYHFWYFDLW,7,0.0009046265184802275
CSRNLRPPYSNWPYYFDSW,4,0.0005169294391315585
CSSTSCYVPYYYYGLDVW,2,0.0002584647195657793
CSTSDIEVMPAAMAGTFFDSW,2,0.0002584647195657793
CSTYTTSSTRVIGGYYSYFDSW,3,0.0003876970793486689
CTFAPSSARWYSSGFDDW,2,0.0002584647195657793
CTKDHSPFDYW,3,0.0003876970793486689
CTKEAFSTGWYDSW,4,0.0005169294391315585
CTKGVLGSGYYDNW,2,0.0002584647195657793
CTKVRDPITWSFDDW,3,0.0003876970793486689
CTNGICYFFDQW,14,0.001809253036960455
CTNGICYPPWDYFYYGMDVW,4,0.0005169294391315585
CTRASLNWNNYSFEYW,3,0.0003876970793486689
CTRDPGGRSDRGPFDFW,2,0.0002584647195657793
CTRDRIPSSGYDFGYW,239,0.030886533988110622
CTRDRRFVFTLYDSSDRDGFDIW,19,0.002455414835874903
CTRDRYCSGGVCFSNSAYDAFHVW,2,0.0002584647195657793
CTRDYRPIQNVGYFFDYW,27,0.00348927371413802
CTREPLMQLRPQGYFDSW,65,0.008400103385887826
CTRGGDDSGYDWGYYDCW,17,0.002196950116309124
CTRHRWLQLGDASYDYDYW,111,0.01434479193590075
CTRLPDTVATIDYYAMDVW,2,0.0002584647195657793
CTRLWGGLGGDAFDIW,3,0.0003876970793486689
CTRSDYRTFDSW,2,0.0002584647195657793
CTRVLMITDGPLIERGFDFW,133,0.01718790385112432
CTSSYCSENFDFW,2,0.0002584647195657793
CTTDHDRDYFDYW,7,0.0009046265184802275
CTTDLAATGRSRAFDMW,3,0.0003876970793486689
CTTDLPGILAAAGAPDYW,2,0.0002584647195657793
CTTDSRGYSYGFYYYYGMDVW,3,0.0003876970793486689
CTTEVQRGMFDYW,4,0.0005169294391315585
CTTGWMATVDYFDFW,4,0.0005169294391315585
CTTLQVEIFDPDDLSGVFWDYW,2,0.0002584647195657793
CTTLSYDYIWGVDYW,2,0.0002584647195657793
CTTLYLWNYDDYW,2,0.0002584647195657793
CTTPDYALDWYFDFW,5,0.0006461617989144482
CTTSEVVVAATVKVPDAFDIW,15,0.0019384853967433445
CTTSGGNYWAYW,12,0.0015507883173946756
CTTTGCHSVLGDAFFIW,2,0.0002584647195657793
CVGQQAPPLRGDDYFHYW,3,0.0003876970793486689
CVKALYSSSSLDAFDIW,2,0.0002584647195657793
CVKDDLGSLDYW,2,0.0002584647195657793
CVKDGGTGPHKYFQHW,10,0.0012923235978288964
CVKESAPAAFDWW,2,0.0002584647195657793
CVKGKGNWGTYFFDSW,2,0.0002584647195657793
CVKPPDGYNYYFHYW,5,0.0006461617989144482
CVKPRSSGWDYFDDW,2,0.0002584647195657793
CVKVPYDSGWSYFDYW,6,0.0007753941586973378
CVNPLRPFDPW,3,0.0003876970793486689
CVRASNLDYW,11,0.001421555957611786
CVRDAAGIVVGAKKYYLDYW,3,0.0003876970793486689
CVRDKNPGHPGDYW,2,0.0002584647195657793
CVRDPCRGDCYFHYFDSW,4,0.0005169294391315585
CVRDPYSGTGNDAFDVW,6,0.0007753941586973378
CVRDWNSNYFDHW,4,0.0005169294391315585
CVREGRDCSDGTCYFRFDNW,3,0.0003876970793486689
CVRELALATPGTSWFDPW,35,0.004523132592401137
CVRENGEGYYYAMDVW,2,0.0002584647195657793
CVRETWWRFDLW,4,0.0005169294391315585
CVRGDYVWGSYRSDDSFDVW,2,0.0002584647195657793
CVRGGGLSGEYYFDFW,21,0.0027138795554406824
CVRHGHCSGGDCFFAYW,20,0.0025846471956577927
CVRHGVVVVALYHWFDPW,6,0.0007753941586973378
CVRKVYIGYDVSWFDPW,10,0.0012923235978288964
CVRLSLMVFDYW,8,0.001033858878263117
CVRLYYWDSSGYLWGFDSW,3,0.0003876970793486689
CVRRGMGSSRYVNWFDPW,2,0.0002584647195657793
CVRVVGADTEDFDFW,5,0.0006461617989144482
CVTSTGSGNYYKPLDYW,5,0.0006461617989144482
CVVRGYSSYYFDYW,2,0.0002584647195657793
CVWNHGQKWYFALW,2,0.0002584647195657793
CVYYILYYYYYGMDVW,16,0.002067717756526234
